{"cameraMode":{"drawMode":0,"name":"Shaded","section":"Shading Mode"},"sceneLighting":false,"audioPlay":false,"sceneViewState":{"showFog":false,"showMaterialUpdate":true,"showSkybox":false,"showFlares":true,"showImageEffects":true,"showParticleSystems":true},"in2DMode":false,"pivot":{"x":-0.19846758246421815,"y":1.4580175876617432,"z":-9.1941499710083},"rotation":{"x":0.0203079991042614,"y":0.9480606317520142,"z":-0.3114367723464966,"w":0.06153982877731323},"size":0.6307820081710815,"orthographic":false}