{"cameraMode":{"drawMode":0,"name":"Shaded","section":"Shading Mode"},"sceneLighting":true,"audioPlay":false,"sceneViewState":{"showFog":false,"showMaterialUpdate":true,"showSkybox":true,"showFlares":true,"showImageEffects":true,"showParticleSystems":true},"in2DMode":false,"pivot":{"x":253.82208251953126,"y":-9.988670349121094,"z":288.6296691894531},"rotation":{"x":-0.08545280992984772,"y":0.87308269739151,"z":-0.16535033285617829,"w":-0.4507485628128052},"size":140.3410186767578,"orthographic":false}