{"cameraMode":{"drawMode":0,"name":"Shaded","section":"Shading Mode"},"sceneLighting":true,"audioPlay":false,"sceneViewState":{"showFog":false,"showMaterialUpdate":true,"showSkybox":true,"showFlares":true,"showImageEffects":true,"showParticleSystems":true},"in2DMode":false,"pivot":{"x":239.05548095703126,"y":-9.732704162597657,"z":252.3387908935547},"rotation":{"x":-0.33643320202827456,"y":0.30923086404800417,"z":-0.11796879768371582,"w":-0.8817070126533508},"size":112.86934661865235,"orthographic":false}