{"cameraMode":{"drawMode":0,"name":"Shaded","section":"Shading Mode"},"sceneLighting":true,"audioPlay":false,"sceneViewState":{"showFog":false,"showMaterialUpdate":true,"showSkybox":true,"showFlares":true,"showImageEffects":true,"showParticleSystems":true},"in2DMode":false,"pivot":{"x":75.13038635253906,"y":-25.364700317382814,"z":347.63861083984377},"rotation":{"x":-0.1540530025959015,"y":0.2967833876609802,"z":-0.048809755593538287,"w":-0.9411770105361939},"size":115.5534896850586,"orthographic":false}