{"cameraMode":{"drawMode":0,"name":"Shaded","section":"Shading Mode"},"sceneLighting":true,"audioPlay":false,"sceneViewState":{"showFog":false,"showMaterialUpdate":true,"showSkybox":false,"showFlares":true,"showImageEffects":true,"showParticleSystems":true},"in2DMode":false,"pivot":{"x":-0.6873903274536133,"y":3.565990447998047,"z":-0.4882822036743164},"rotation":{"x":0.10725293308496475,"y":-0.20288068056106568,"z":0.02247115597128868,"w":0.9730768203735352},"size":19.56947898864746,"orthographic":false}