{"cameraMode":{"drawMode":0,"name":"Shaded","section":"Shading Mode"},"sceneLighting":true,"audioPlay":false,"sceneViewState":{"showFog":false,"showMaterialUpdate":true,"showSkybox":true,"showFlares":true,"showImageEffects":true,"showParticleSystems":true},"in2DMode":false,"pivot":{"x":321.8207702636719,"y":-67.93002319335938,"z":147.82781982421876},"rotation":{"x":0.5243956446647644,"y":0.23802076280117036,"z":-0.15554122626781465,"w":0.8026919960975647},"size":125.6264877319336,"orthographic":false}