{"cameraMode":{"drawMode":0,"name":"Shaded","section":"Shading Mode"},"sceneLighting":true,"audioPlay":false,"sceneViewState":{"showFog":false,"showMaterialUpdate":true,"showSkybox":true,"showFlares":true,"showImageEffects":true,"showParticleSystems":true},"in2DMode":false,"pivot":{"x":60.157615661621097,"y":8.098272323608399,"z":327.89825439453127},"rotation":{"x":0.03737826645374298,"y":0.5965385437011719,"z":0.02763558179140091,"w":-0.8012695908546448},"size":30.689237594604493,"orthographic":false}