{"cameraMode":{"drawMode":0,"name":"Shaded","section":"Shading Mode"},"sceneLighting":true,"audioPlay":false,"sceneViewState":{"showFog":false,"showMaterialUpdate":true,"showSkybox":true,"showFlares":true,"showImageEffects":true,"showParticleSystems":true},"in2DMode":false,"pivot":{"x":102.86956787109375,"y":5.240509986877441,"z":132.3491668701172},"rotation":{"x":-0.0700836107134819,"y":0.728432834148407,"z":-0.0755017101764679,"w":-0.6773281097412109},"size":195.57986450195313,"orthographic":false}