{"cameraMode":{"drawMode":0,"name":"Shaded","section":"Shading Mode"},"sceneLighting":true,"audioPlay":false,"sceneViewState":{"showFog":false,"showMaterialUpdate":true,"showSkybox":true,"showFlares":true,"showImageEffects":true,"showParticleSystems":true},"in2DMode":false,"pivot":{"x":-681.0894775390625,"y":-281.76763916015627,"z":587.9961547851563},"rotation":{"x":0.13305746018886567,"y":-0.5704498291015625,"z":0.09428869187831879,"w":0.8049850463867188},"size":444.4900817871094,"orthographic":false}