{"cameraMode":{"drawMode":0,"name":"Shaded","section":"Shading Mode"},"sceneLighting":true,"audioPlay":false,"sceneViewState":{"showFog":false,"showMaterialUpdate":true,"showSkybox":true,"showFlares":true,"showImageEffects":true,"showParticleSystems":true},"in2DMode":false,"pivot":{"x":64.4935302734375,"y":-5.196210861206055,"z":259.71282958984377},"rotation":{"x":-0.0540349967777729,"y":0.8562571406364441,"z":-0.0915466770529747,"w":-0.5056009292602539},"size":122.44979095458985,"orthographic":false}