{"cameraMode":{"drawMode":0,"name":"Shaded","section":"Shading Mode"},"sceneLighting":true,"audioPlay":false,"sceneViewState":{"showFog":false,"showMaterialUpdate":true,"showSkybox":true,"showFlares":true,"showImageEffects":true,"showParticleSystems":true},"in2DMode":false,"pivot":{"x":362.0599060058594,"y":-0.2303086519241333,"z":281.9085388183594},"rotation":{"x":0.0856226310133934,"y":0.844892680644989,"z":-0.14225827157497407,"w":0.5085240006446838},"size":3.3967573642730715,"orthographic":false}