{"cameraMode":{"drawMode":0,"name":"Shaded","section":"Shading Mode"},"sceneLighting":true,"audioPlay":false,"sceneViewState":{"showFog":false,"showMaterialUpdate":true,"showSkybox":true,"showFlares":true,"showImageEffects":true,"showParticleSystems":true},"in2DMode":false,"pivot":{"x":125.40220642089844,"y":2.3907437324523927,"z":288.0079345703125},"rotation":{"x":-0.018271494656801225,"y":-0.6187035441398621,"z":-0.014112846925854683,"w":0.785294234752655},"size":20.117277145385743,"orthographic":false}