{"cameraMode":{"drawMode":0,"name":"Shaded","section":"Shading Mode"},"sceneLighting":false,"audioPlay":false,"sceneViewState":{"showFog":false,"showMaterialUpdate":true,"showSkybox":false,"showFlares":true,"showImageEffects":true,"showParticleSystems":true},"in2DMode":false,"pivot":{"x":0.0327470600605011,"y":0.3507797122001648,"z":-0.011141777038574219},"rotation":{"x":0.2739761769771576,"y":-0.2724704444408417,"z":0.08125501126050949,"w":0.9187519550323486},"size":1.2274068593978882,"orthographic":false}