{"cameraMode":{"drawMode":0,"name":"Shaded","section":"Shading Mode"},"sceneLighting":true,"audioPlay":false,"sceneViewState":{"showFog":false,"showMaterialUpdate":true,"showSkybox":true,"showFlares":true,"showImageEffects":true,"showParticleSystems":true},"in2DMode":false,"pivot":{"x":211.02842712402345,"y":17.836036682128908,"z":203.2753143310547},"rotation":{"x":0.006618713028728962,"y":0.5307420492172241,"z":-0.004145161714404821,"w":0.8474971055984497},"size":-5.086514949798584,"orthographic":false}