{"cameraMode":{"drawMode":0,"name":"Shaded","section":"Shading Mode"},"sceneLighting":true,"audioPlay":false,"sceneViewState":{"showFog":false,"showMaterialUpdate":true,"showSkybox":true,"showFlares":true,"showImageEffects":true,"showParticleSystems":true},"in2DMode":false,"pivot":{"x":323.2278137207031,"y":9.112749099731446,"z":116.48534393310547},"rotation":{"x":-0.04899683967232704,"y":0.7282198667526245,"z":0.05225735530257225,"w":0.681706428527832},"size":24.515094757080079,"orthographic":false}