{"cameraMode":{"drawMode":0,"name":"Shaded","section":"Shading Mode"},"sceneLighting":true,"audioPlay":false,"sceneViewState":{"showFog":false,"showMaterialUpdate":true,"showSkybox":true,"showFlares":true,"showImageEffects":true,"showParticleSystems":true},"in2DMode":false,"pivot":{"x":160.33966064453126,"y":74.87934112548828,"z":335.2939758300781},"rotation":{"x":0.10491441190242768,"y":0.8931093811988831,"z":-0.33896324038505556,"w":0.27669885754585268},"size":2.0784809589385988,"orthographic":false}