{"cameraMode":{"drawMode":0,"name":"Shaded","section":"Shading Mode"},"sceneLighting":true,"audioPlay":false,"sceneViewState":{"showFog":false,"showMaterialUpdate":true,"showSkybox":true,"showFlares":true,"showImageEffects":true,"showParticleSystems":true},"in2DMode":false,"pivot":{"x":285.0391540527344,"y":130.24571228027345,"z":113.75234985351563},"rotation":{"x":-0.19171127676963807,"y":0.5660820603370667,"z":-0.13760097324848176,"w":-0.7900052666664124},"size":4.92911958694458,"orthographic":false}