{"cameraMode":{"drawMode":0,"name":"Shaded","section":"Shading Mode"},"sceneLighting":true,"audioPlay":false,"sceneViewState":{"showFog":false,"showMaterialUpdate":true,"showSkybox":true,"showFlares":true,"showImageEffects":true,"showParticleSystems":true},"in2DMode":false,"pivot":{"x":377.10205078125,"y":15.740175247192383,"z":399.2001037597656},"rotation":{"x":0.292935311794281,"y":0.6327322721481323,"z":-0.2808879315853119,"w":0.6595112085342407},"size":4.511979579925537,"orthographic":false}