{"cameraMode":{"drawMode":0,"name":"Shaded","section":"Shading Mode"},"sceneLighting":false,"audioPlay":false,"sceneViewState":{"showFog":false,"showMaterialUpdate":true,"showSkybox":false,"showFlares":true,"showImageEffects":true,"showParticleSystems":true},"in2DMode":false,"pivot":{"x":0.08541661500930786,"y":1.0774247646331788,"z":-0.00529894232749939},"rotation":{"x":0.07141537219285965,"y":0.7070009708404541,"z":-0.0721820592880249,"w":0.6999689936637878},"size":4.119665145874023,"orthographic":false}