{"cameraMode":{"drawMode":0,"name":"Shaded","section":"Shading Mode"},"sceneLighting":true,"audioPlay":false,"sceneViewState":{"showFog":false,"showMaterialUpdate":true,"showSkybox":true,"showFlares":true,"showImageEffects":true,"showParticleSystems":true},"in2DMode":false,"pivot":{"x":252.10983276367188,"y":15.174919128417969,"z":228.9129180908203},"rotation":{"x":-0.021615266799926759,"y":0.8559259176254273,"z":0.03600114583969116,"w":0.5155347585678101},"size":117.17683410644531,"orthographic":false}