{"cameraMode":{"drawMode":0,"name":"Shaded","section":"Shading Mode"},"sceneLighting":true,"audioPlay":false,"sceneViewState":{"showFog":false,"showMaterialUpdate":true,"showSkybox":true,"showFlares":true,"showImageEffects":true,"showParticleSystems":true},"in2DMode":false,"pivot":{"x":280.9128723144531,"y":18.17823600769043,"z":296.3258056640625},"rotation":{"x":-0.016290467232465745,"y":-0.6878955960273743,"z":-0.015523316338658333,"w":0.7256154417991638},"size":10.0,"orthographic":false}