{"cameraMode":{"drawMode":0,"name":"Shaded","section":"Shading Mode"},"sceneLighting":false,"audioPlay":false,"sceneViewState":{"showFog":false,"showMaterialUpdate":true,"showSkybox":false,"showFlares":true,"showImageEffects":true,"showParticleSystems":true},"in2DMode":false,"pivot":{"x":-11.12860107421875,"y":0.2593414783477783,"z":-0.3851200342178345},"rotation":{"x":0.030778663232922555,"y":-0.7573371529579163,"z":0.03563296049833298,"w":0.65144944190979},"size":8.356524467468262,"orthographic":false}