{"cameraMode":{"drawMode":0,"name":"Shaded","section":"Shading Mode"},"sceneLighting":true,"audioPlay":false,"sceneViewState":{"showFog":false,"showMaterialUpdate":true,"showSkybox":true,"showFlares":true,"showImageEffects":true,"showParticleSystems":true},"in2DMode":false,"pivot":{"x":99.82926940917969,"y":1.969879150390625,"z":135.30653381347657},"rotation":{"x":-0.006884725298732519,"y":0.7743198871612549,"z":-0.008335531689226628,"w":-0.6328362226486206},"size":10.693037033081055,"orthographic":false}