{"cameraMode":{"drawMode":0,"name":"Shaded","section":"Shading Mode"},"sceneLighting":false,"audioPlay":false,"sceneViewState":{"showFog":false,"showMaterialUpdate":true,"showSkybox":false,"showFlares":true,"showImageEffects":true,"showParticleSystems":true},"in2DMode":false,"pivot":{"x":-0.4370255470275879,"y":3.40051007270813,"z":-0.060830116271972659},"rotation":{"x":0.2006853073835373,"y":-0.7099496722221375,"z":0.2235453575849533,"w":0.6370909810066223},"size":8.356524467468262,"orthographic":false}