{"cameraMode":{"drawMode":0,"name":"Shaded","section":"Shading Mode"},"sceneLighting":false,"audioPlay":false,"sceneViewState":{"showFog":false,"showMaterialUpdate":true,"showSkybox":false,"showFlares":true,"showImageEffects":true,"showParticleSystems":true},"in2DMode":false,"pivot":{"x":-0.01708643138408661,"y":-0.021064937114715577,"z":0.030518002808094026},"rotation":{"x":0.2742011845111847,"y":0.6958439946174622,"z":-0.33210042119026186,"w":0.5748334527015686},"size":0.18967454135417939,"orthographic":false}