{"cameraMode":{"drawMode":0,"name":"Shaded","section":"Shading Mode"},"sceneLighting":false,"audioPlay":false,"sceneViewState":{"showFog":false,"showMaterialUpdate":true,"showSkybox":false,"showFlares":true,"showImageEffects":true,"showParticleSystems":true},"in2DMode":false,"pivot":{"x":-13.192424774169922,"y":-2.0626425743103029,"z":-6.499382019042969},"rotation":{"x":0.17726777493953706,"y":-0.46274349093437197,"z":0.09502360969781876,"w":0.8633844256401062},"size":3.8537063598632814,"orthographic":false}