{"cameraMode":{"drawMode":0,"name":"Shaded","section":"Shading Mode"},"sceneLighting":true,"audioPlay":false,"sceneViewState":{"showFog":false,"showMaterialUpdate":true,"showSkybox":true,"showFlares":true,"showImageEffects":true,"showParticleSystems":true},"in2DMode":false,"pivot":{"x":366.2101745605469,"y":3.5654444694519045,"z":389.4504699707031},"rotation":{"x":0.10929407179355622,"y":0.7605108618736267,"z":-0.1327475607395172,"w":0.6261458992958069},"size":6.182358741760254,"orthographic":false}