{"cameraMode":{"drawMode":0,"name":"Shaded","section":"Shading Mode"},"sceneLighting":true,"audioPlay":false,"sceneViewState":{"showFog":false,"showMaterialUpdate":true,"showSkybox":true,"showFlares":true,"showImageEffects":true,"showParticleSystems":true},"in2DMode":false,"pivot":{"x":357.7836608886719,"y":34.47686767578125,"z":318.63751220703127},"rotation":{"x":0.11448318511247635,"y":-0.8822203874588013,"z":0.36051180958747866,"w":0.2804524302482605},"size":93.3604736328125,"orthographic":false}