{"cameraMode":{"drawMode":0,"name":"Shaded","section":"Shading Mode"},"sceneLighting":true,"audioPlay":false,"sceneViewState":{"showFog":false,"showMaterialUpdate":true,"showSkybox":true,"showFlares":true,"showImageEffects":true,"showParticleSystems":true},"in2DMode":false,"pivot":{"x":284.1588439941406,"y":-14.276651382446289,"z":156.2314910888672},"rotation":{"x":0.12882710993289948,"y":-0.8687760829925537,"z":0.37093257904052737,"w":0.3019680082798004},"size":117.17683410644531,"orthographic":false}