{"cameraMode":{"drawMode":0,"name":"Shaded","section":"Shading Mode"},"sceneLighting":true,"audioPlay":false,"sceneViewState":{"showFog":false,"showMaterialUpdate":true,"showSkybox":true,"showFlares":true,"showImageEffects":true,"showParticleSystems":true},"in2DMode":false,"pivot":{"x":118.950439453125,"y":3.662877082824707,"z":145.0026092529297},"rotation":{"x":0.0165972039103508,"y":0.24965927004814149,"z":0.004119095392525196,"w":-0.9682087302207947},"size":2.0799944400787355,"orthographic":false}