{"cameraMode":{"drawMode":0,"name":"Shaded","section":"Shading Mode"},"sceneLighting":true,"audioPlay":false,"sceneViewState":{"showFog":false,"showMaterialUpdate":true,"showSkybox":true,"showFlares":true,"showImageEffects":true,"showParticleSystems":true},"in2DMode":false,"pivot":{"x":137.3202362060547,"y":4.030770301818848,"z":147.01708984375},"rotation":{"x":0.005385170690715313,"y":-0.5581414699554443,"z":-0.003820203011855483,"w":-0.8297502398490906},"size":5.379994869232178,"orthographic":false}