{"cameraMode":{"drawMode":0,"name":"Shaded","section":"Shading Mode"},"sceneLighting":true,"audioPlay":false,"sceneViewState":{"showFog":false,"showMaterialUpdate":true,"showSkybox":true,"showFlares":true,"showImageEffects":true,"showParticleSystems":true},"in2DMode":false,"pivot":{"x":41.822975158691409,"y":-16.67582130432129,"z":325.8041687011719},"rotation":{"x":0.0780029296875,"y":-0.5599567294120789,"z":0.05310705676674843,"w":0.823218584060669},"size":117.17683410644531,"orthographic":false}