{"cameraMode":{"drawMode":0,"name":"Shaded","section":"Shading Mode"},"sceneLighting":true,"audioPlay":false,"sceneViewState":{"showFog":false,"showMaterialUpdate":true,"showSkybox":true,"showFlares":true,"showImageEffects":true,"showParticleSystems":true},"in2DMode":false,"pivot":{"x":360.4599914550781,"y":2.609999656677246,"z":353.29998779296877},"rotation":{"x":-0.16216327250003816,"y":0.798923134803772,"z":-0.24740716814994813,"w":-0.5236564874649048},"size":18.60000228881836,"orthographic":false}