{"cameraMode":{"drawMode":0,"name":"Shaded","section":"Shading Mode"},"sceneLighting":false,"audioPlay":false,"sceneViewState":{"showFog":false,"showMaterialUpdate":true,"showSkybox":false,"showFlares":true,"showImageEffects":true,"showParticleSystems":true},"in2DMode":false,"pivot":{"x":17.512100219726564,"y":-1.5630664825439454,"z":9.691350936889649},"rotation":{"x":0.29164013266563418,"y":0.6139678955078125,"z":-0.26125630736351015,"w":0.6853787302970886},"size":2.721127510070801,"orthographic":false}