{"cameraMode":{"drawMode":0,"name":"Shaded","section":"Shading Mode"},"sceneLighting":true,"audioPlay":false,"sceneViewState":{"showFog":false,"showMaterialUpdate":true,"showSkybox":true,"showFlares":true,"showImageEffects":true,"showParticleSystems":true},"in2DMode":false,"pivot":{"x":231.76634216308595,"y":-6.27241325378418,"z":215.69204711914063},"rotation":{"x":0.030111415311694146,"y":0.9565247893333435,"z":-0.10660688579082489,"w":0.26999667286872866},"size":122.44979095458985,"orthographic":false}