{"cameraMode":{"drawMode":0,"name":"Shaded","section":"Shading Mode"},"sceneLighting":true,"audioPlay":false,"sceneViewState":{"showFog":false,"showMaterialUpdate":true,"showSkybox":true,"showFlares":true,"showImageEffects":true,"showParticleSystems":true},"in2DMode":false,"pivot":{"x":95.24246978759766,"y":-10.352968215942383,"z":119.08342742919922},"rotation":{"x":-0.08209382742643357,"y":0.9166708588600159,"z":-0.300537109375,"w":-0.2504437267780304},"size":13.543323516845704,"orthographic":false}